id,Choice,Gender,Amount_purchased,Frequency,Last_purchase,First_purchase,P_Child,P_Youth,P_Cook,P_DIY,P_Art
1,1,1,113,8,1,8,0,1,0,0,0
2,1,1,418,6,11,66,0,2,3,2,3
3,1,1,336,18,6,32,2,0,1,1,2
4,1,1,180,16,5,42,2,0,0,1,1
5,1,0,320,2,3,18,0,0,0,1,2
6,1,1,268,4,1,4,0,0,0,0,0
7,1,1,198,2,12,62,2,3,2,1,2
8,1,0,280,6,2,12,0,2,0,0,0
9,1,1,393,12,11,50,3,0,3,0,2
10,1,1,138,10,7,38,2,3,0,0,1
11,1,0,142,14,2,20,0,1,0,0,1
12,1,0,251,10,2,18,0,0,2,0,0
13,1,0,130,14,2,18,1,0,0,0,0
14,1,1,308,6,1,6,0,0,0,0,1
15,1,1,251,10,2,18,1,0,0,0,1
16,1,1,249,16,1,16,1,0,0,0,0
17,1,1,311,14,9,50,0,0,2,1,0
18,1,0,180,8,2,12,0,1,0,1,0
19,1,0,227,30,2,34,1,0,0,0,1
20,1,1,44,2,1,2,0,0,1,0,0
21,1,1,207,4,7,22,2,1,1,0,1
22,1,1,239,14,2,22,1,0,1,0,0
23,1,1,154,10,7,46,0,2,0,1,1
24,1,0,218,4,2,6,2,0,0,0,0
25,1,0,273,10,2,12,2,0,0,0,0
26,1,1,250,10,1,10,1,0,0,0,0
27,1,1,235,10,9,40,3,0,1,1,1
28,1,0,100,22,2,26,0,0,0,1,1
29,1,1,140,2,1,2,1,0,0,0,0
30,1,1,331,10,7,48,1,0,1,0,2
31,1,0,309,4,2,8,0,0,1,0,0
32,1,1,280,10,1,10,1,0,0,0,0
33,1,0,90,4,1,4,0,0,0,0,0
34,1,0,331,4,7,28,3,0,2,0,2
35,1,1,312,8,2,10,0,0,0,1,0
36,1,0,164,10,9,46,0,2,3,0,0
37,1,1,172,14,5,38,0,0,1,2,1
38,1,0,285,16,4,28,0,0,3,0,0
39,1,0,386,6,11,36,4,0,1,0,2
40,1,1,428,2,9,22,2,1,1,0,2
41,1,1,396,12,12,68,6,0,3,0,2
42,1,1,377,8,11,36,3,2,3,0,1
43,1,0,103,8,1,8,1,0,0,0,0
44,1,1,204,14,2,22,0,0,1,0,0
45,1,1,161,10,1,10,0,0,0,0,1
46,1,0,165,2,11,48,1,0,3,2,0
47,1,1,66,10,1,10,0,0,1,0,0
48,1,1,318,14,9,66,5,1,0,0,1
49,1,1,159,10,9,46,2,0,1,0,5
50,1,0,80,2,2,6,1,0,1,0,0
51,1,1,163,10,2,18,0,0,1,0,0
52,1,0,213,10,3,22,0,1,0,0,2
53,1,1,400,10,10,34,1,0,1,1,3
54,1,0,183,8,12,66,4,0,2,1,4
55,1,0,151,8,1,8,0,0,0,1,0
56,1,0,240,16,2,18,0,1,1,0,0
57,1,0,97,6,1,6,0,0,0,0,1
58,1,0,267,6,3,12,2,0,0,0,0
59,1,0,136,6,5,28,1,1,2,0,1
60,1,0,129,4,3,18,1,0,0,1,1
61,1,1,89,4,2,6,0,0,0,0,1
62,1,0,283,8,12,62,5,0,4,0,1
63,1,1,266,10,9,50,0,0,5,0,2
64,1,1,240,2,2,8,0,1,0,0,1
65,1,1,144,12,1,12,0,1,0,0,0
66,1,0,74,2,2,6,0,0,0,1,1
67,1,1,163,6,2,8,1,0,1,0,0
68,1,1,70,2,1,2,0,0,0,0,0
69,1,1,251,4,2,8,0,0,0,0,1
70,1,1,288,30,1,30,0,0,0,1,0
71,1,0,304,2,3,10,1,0,0,0,1
72,1,1,249,14,4,30,0,0,0,0,2
73,1,1,310,2,1,2,0,0,0,0,0
74,1,1,176,8,11,64,2,0,2,0,3
75,1,1,276,10,2,14,0,0,1,1,0
76,1,1,272,16,1,16,0,0,0,0,1
77,1,1,385,2,9,34,4,1,0,1,2
78,1,1,261,14,7,40,1,1,0,0,4
79,1,0,194,16,4,32,0,0,1,1,2
80,1,0,195,4,4,16,1,0,1,0,1
81,1,1,250,6,1,6,0,0,0,1,0
82,1,1,474,12,12,46,2,1,1,1,4
83,1,1,219,10,7,34,1,1,1,0,1
84,1,0,122,8,7,26,1,0,2,1,1
85,1,1,170,4,1,4,0,0,1,0,0
86,1,0,306,8,1,8,0,0,1,0,0
87,1,0,276,14,2,16,0,0,0,0,1
88,1,0,183,20,1,20,0,0,0,0,1
89,1,0,18,14,1,14,0,1,0,0,0
90,1,1,130,12,1,12,0,0,0,1,0
91,1,0,169,4,11,50,1,0,2,4,3
92,1,1,181,6,1,6,0,0,0,0,1
93,1,1,304,6,1,6,0,0,0,0,1
94,1,1,177,14,1,14,0,0,0,1,0
95,1,1,361,6,6,36,1,0,2,0,2
96,1,1,245,30,1,30,0,0,0,0,1
97,1,1,237,6,4,16,0,0,1,0,3
98,1,1,273,14,5,30,0,0,0,1,2
99,1,1,168,6,2,12,1,0,0,0,1
100,1,1,262,30,1,30,1,0,0,0,0
101,1,1,295,10,1,10,0,0,1,0,0
102,1,0,223,10,1,10,0,0,0,0,1
103,1,1,276,4,1,4,0,1,0,0,0
104,1,0,115,4,2,12,1,0,1,0,0
105,1,1,297,14,2,22,1,0,0,0,0
106,1,0,296,8,6,32,0,1,2,0,2
107,1,0,198,16,5,36,1,0,1,1,2
108,1,0,234,8,5,24,2,0,0,1,2
109,1,1,184,10,10,66,1,2,1,1,3
110,1,0,280,10,8,34,1,1,4,0,0
111,1,0,414,2,8,46,3,1,0,0,3
112,1,0,72,8,2,16,0,1,0,0,1
113,1,0,287,16,1,16,0,0,0,0,0
114,1,0,126,14,2,20,0,0,1,1,0
115,1,1,253,10,1,10,0,0,0,0,1
116,1,0,212,16,5,38,1,0,1,2,0
117,1,0,77,2,2,4,0,0,1,0,1
118,1,0,181,14,1,14,0,0,0,0,0
119,1,0,148,6,4,20,0,1,1,0,2
120,1,1,247,16,2,18,1,0,0,0,0
121,1,0,129,4,1,4,0,0,0,0,0
122,1,1,133,2,8,20,0,2,2,0,0
123,1,0,193,10,2,18,0,0,1,0,1
124,1,1,224,10,10,62,3,0,2,0,3
125,1,1,210,2,6,36,2,0,1,0,1
126,1,0,405,6,12,70,5,0,0,2,3
127,1,1,257,6,2,8,0,0,2,0,0
128,1,1,159,4,7,18,1,0,1,0,1
129,1,0,225,8,2,12,1,0,0,0,0
130,1,0,287,12,2,16,0,0,0,0,0
131,1,0,228,4,2,6,1,0,1,0,0
132,1,1,229,16,1,16,0,0,0,0,0
133,1,1,315,2,2,10,0,0,0,0,2
134,1,1,291,2,1,2,0,0,0,0,1
135,1,1,176,20,3,36,1,0,1,0,1
136,1,1,322,12,12,74,3,2,1,1,4
137,1,1,303,28,2,32,1,0,0,0,1
138,1,1,241,10,2,16,1,0,0,0,0
139,1,1,303,2,2,6,0,1,0,0,1
140,1,1,305,2,2,10,0,0,1,1,0
141,1,1,165,12,8,32,1,2,1,2,1
142,1,1,268,8,4,30,1,1,0,0,2
143,1,0,230,4,1,4,0,0,0,0,1
144,1,1,22,2,1,2,0,0,0,0,1
145,1,1,75,4,4,26,0,1,0,1,0
146,1,0,356,4,6,22,2,1,0,1,0
147,1,0,270,4,4,22,2,2,0,0,0
148,1,0,264,4,12,30,4,2,2,0,1
149,1,1,314,4,2,8,1,0,0,1,0
150,1,0,155,30,6,44,1,0,3,0,0
151,1,0,48,10,1,10,0,1,0,0,0
152,1,1,84,2,2,4,0,0,0,0,1
153,1,0,228,8,1,8,0,0,0,0,1
154,1,1,224,10,4,32,1,1,1,0,1
155,1,1,315,14,4,24,0,1,0,0,1
156,1,0,192,10,1,10,0,0,1,0,0
157,1,1,246,12,11,38,3,0,4,0,0
158,1,0,219,10,6,28,2,0,1,0,2
159,1,0,265,4,2,8,0,0,0,2,0
160,1,0,316,12,3,20,0,0,0,0,1
161,1,0,248,16,8,38,3,0,2,1,1
162,1,1,340,8,3,16,0,0,0,0,2
163,1,1,281,12,2,16,0,0,1,0,1
164,1,0,200,16,2,18,2,0,0,0,0
165,1,1,243,16,2,24,1,0,1,0,0
166,1,0,187,12,2,18,0,0,1,0,0
167,1,0,147,8,2,12,0,0,0,0,1
168,1,1,213,2,2,8,0,0,0,0,1
169,1,0,171,2,2,10,1,0,1,0,0
170,1,1,127,2,4,16,0,1,0,1,1
171,1,0,179,8,5,24,1,1,2,0,0
172,1,1,237,12,1,12,0,0,1,0,0
173,1,0,274,2,1,2,0,0,1,0,0
174,1,0,410,12,11,46,2,0,4,2,2
175,1,1,118,8,2,12,0,0,0,1,0
176,1,1,255,6,11,68,1,2,2,2,3
177,1,0,216,2,2,4,1,0,0,1,0
178,1,1,183,2,1,2,1,0,0,0,0
179,1,1,338,4,12,50,1,4,1,1,2
180,1,0,252,24,1,24,0,0,0,0,0
181,1,1,47,2,3,10,0,0,0,0,2
182,1,0,338,16,5,28,2,1,1,1,0
183,1,1,43,2,2,4,0,1,1,0,0
184,1,1,289,4,6,28,0,0,2,1,1
185,1,0,285,8,1,8,1,0,0,0,0
186,1,0,259,14,7,34,1,0,3,0,1
187,1,1,272,12,1,12,0,0,0,0,0
188,1,0,203,12,1,12,0,0,0,1,0
189,1,1,274,8,1,8,0,0,0,0,1
190,1,0,257,20,6,38,1,0,0,0,1
191,1,1,125,16,2,18,0,0,0,0,0
192,1,1,262,10,1,10,0,0,0,1,0
193,1,0,97,16,6,42,2,1,2,0,1
194,1,1,80,14,1,14,0,0,0,1,0
195,1,0,243,12,9,52,2,1,1,1,3
196,1,1,120,4,2,6,0,0,2,0,0
197,1,1,280,6,11,66,5,1,1,0,1
198,1,1,216,2,1,2,0,0,0,0,0
199,1,1,216,10,1,10,0,1,0,0,0
200,1,0,53,2,1,2,0,0,0,0,1
201,1,0,352,16,7,56,2,0,1,1,0
202,1,0,39,26,1,26,0,1,0,0,0
203,1,0,139,12,2,20,1,0,0,0,0
204,1,0,256,4,2,8,1,0,1,0,0
205,1,1,248,14,1,14,0,0,1,0,0
206,1,0,172,8,2,14,0,0,1,0,0
207,1,1,254,10,2,12,0,0,1,0,1
208,1,1,232,8,8,52,1,2,2,0,0
209,1,0,145,6,3,12,2,0,0,1,0
210,1,1,192,12,1,12,0,0,0,0,1
211,1,1,149,2,5,26,0,1,1,0,3
212,1,1,232,2,5,24,1,2,0,0,0
213,1,1,276,8,2,12,1,0,1,0,0
214,1,0,222,14,2,20,0,0,0,0,1
215,1,0,90,2,3,16,1,0,1,1,0
216,1,0,206,14,1,14,0,0,0,0,0
217,1,0,202,10,6,40,0,0,0,0,3
218,1,1,261,6,11,38,2,0,3,3,2
219,1,0,262,6,12,32,1,2,1,3,3
220,1,1,266,6,2,14,0,0,0,1,1
221,1,0,223,2,3,12,2,0,0,0,1
222,1,0,321,14,2,18,0,0,0,1,1
223,1,1,216,14,5,36,1,0,1,0,3
224,1,1,222,14,9,50,2,1,1,1,4
225,1,0,213,8,1,8,0,0,0,0,0
226,1,0,122,2,3,12,0,0,0,0,1
227,1,1,303,4,2,8,1,0,0,0,0
228,1,0,165,4,2,6,0,0,0,0,2
229,1,0,77,4,2,10,0,1,0,0,0
230,1,0,230,12,2,20,0,0,1,0,0
231,1,0,248,6,2,10,2,0,0,0,0
232,1,0,343,4,4,18,2,1,0,0,1
233,1,1,175,8,3,16,0,0,2,0,1
234,1,1,277,14,7,54,2,0,0,1,3
235,1,0,174,10,1,10,0,0,0,0,1
236,1,1,206,6,1,6,0,0,0,0,1
237,1,1,211,14,2,22,0,0,1,0,1
238,1,1,247,16,5,46,0,1,0,0,2
239,1,1,108,6,2,10,1,0,1,0,0
240,1,0,187,2,1,2,0,0,0,0,0
241,1,0,145,4,1,4,0,0,0,0,0
242,1,1,229,2,2,4,0,0,0,0,1
243,1,1,330,16,5,42,0,0,1,0,2
244,1,0,285,14,1,14,1,0,0,0,0
245,1,0,258,28,7,60,0,1,1,1,1
246,1,0,274,14,2,18,0,0,0,0,1
247,1,1,38,34,1,34,0,0,0,0,0
248,1,1,267,2,4,20,0,1,1,0,1
249,1,1,241,10,1,10,0,0,1,0,0
250,1,0,102,10,2,16,0,0,1,0,1
251,1,0,119,4,3,18,0,0,1,0,0
252,1,0,230,8,2,12,0,0,1,0,0
253,1,1,73,16,2,22,0,1,0,0,1
254,1,0,220,28,7,70,1,0,0,1,2
255,1,0,190,2,2,8,0,0,0,1,1
256,1,1,34,2,1,2,0,0,0,0,1
257,1,1,235,4,2,8,0,0,2,0,0
258,1,0,145,2,1,2,0,0,1,0,0
259,1,0,33,14,1,14,0,0,0,0,1
260,1,1,49,10,1,10,0,1,0,0,0
261,1,1,37,12,2,14,0,1,0,1,0
262,1,1,253,4,1,4,0,0,1,0,0
263,1,1,88,10,2,18,1,0,0,0,0
264,1,1,290,2,2,4,0,0,0,0,1
265,1,0,253,24,1,24,0,0,1,0,0
266,1,1,391,6,10,64,0,0,5,1,2
267,1,1,150,6,5,28,1,0,2,1,0
268,1,1,292,12,7,52,1,1,1,0,3
269,1,0,274,10,5,30,0,1,1,0,2
270,1,0,196,6,2,10,0,0,0,0,1
271,1,1,307,10,2,16,0,0,0,0,2
272,1,1,65,6,1,6,1,0,0,0,0
273,1,1,315,12,10,48,2,1,1,2,2
274,1,0,191,16,8,50,2,1,1,1,1
275,1,0,36,16,1,16,0,0,1,0,0
276,1,1,386,4,11,32,1,2,2,1,1
277,1,0,384,2,7,44,0,1,1,3,2
278,1,0,400,6,11,52,2,0,4,2,3
279,1,0,140,4,2,6,1,0,0,0,0
280,1,1,64,14,2,20,0,0,0,0,2
281,1,1,204,12,2,14,0,1,0,0,1
282,1,0,188,4,5,28,1,0,2,1,1
283,1,0,85,10,1,10,0,0,0,0,0
284,1,1,41,2,1,2,0,0,0,0,1
285,1,1,245,18,4,34,0,0,0,0,1
286,1,0,28,16,1,16,0,0,0,0,0
287,1,1,290,14,2,22,0,1,0,0,1
288,1,1,302,10,5,26,0,0,0,1,2
289,1,1,216,10,1,10,0,0,0,0,0
290,1,1,97,12,1,12,0,0,0,0,1
291,1,0,278,2,1,2,0,0,1,0,0
292,1,0,88,12,2,14,0,0,1,0,0
293,1,1,233,16,4,36,1,0,0,1,0
294,1,1,355,10,10,60,2,0,2,1,3
295,1,1,179,12,2,18,0,1,0,0,1
296,1,0,314,2,1,2,1,0,0,0,0
297,1,1,444,28,10,82,1,1,1,3,2
298,1,0,179,6,1,6,0,1,0,0,0
299,1,0,84,6,1,6,0,0,0,0,0
300,1,1,263,4,6,30,2,0,2,1,1
301,1,1,297,8,3,14,0,1,0,0,1
302,1,0,299,6,5,32,1,2,1,1,0
303,1,0,85,6,4,14,1,0,1,0,2
304,1,1,75,16,1,16,0,0,0,0,0
305,1,0,350,12,4,26,0,0,0,1,2
306,1,1,55,10,1,10,0,0,0,0,1
307,1,1,274,22,1,22,0,0,0,0,0
308,1,1,215,6,11,66,2,1,4,1,2
309,1,0,130,22,2,24,1,1,0,0,0
310,1,0,137,6,2,8,0,1,0,1,0
311,1,0,78,6,2,10,0,0,0,0,0
312,1,1,338,2,5,20,1,0,0,1,2
313,1,0,244,6,5,22,2,1,0,0,1
314,1,1,183,2,1,2,0,0,1,0,0
315,1,0,376,4,10,60,1,2,2,3,1
316,1,1,82,6,3,16,0,1,0,1,0
317,1,1,367,12,12,72,3,0,3,0,1
318,1,0,418,16,8,32,1,1,1,2,3
319,1,0,81,16,1,16,0,0,0,1,0
320,1,0,249,2,2,10,0,0,1,0,1
321,1,0,102,16,3,32,0,0,0,0,1
322,1,1,351,10,9,62,3,1,2,1,2
323,1,0,322,4,2,12,1,0,0,1,0
324,1,0,360,2,10,22,2,1,1,3,1
325,1,1,451,12,11,78,3,0,3,0,3
326,1,1,286,12,2,14,1,0,0,0,1
327,1,1,187,16,3,22,0,0,1,0,1
328,1,0,17,16,1,16,1,0,0,0,0
329,1,0,407,12,12,40,3,0,1,3,2
330,1,1,143,14,1,14,0,0,0,0,0
331,1,1,404,4,11,38,2,1,1,2,2
332,1,0,17,4,1,4,1,0,0,0,0
333,1,0,148,6,9,48,0,1,1,1,2
334,1,0,118,6,2,8,1,0,0,0,0
335,1,1,302,12,2,18,1,0,1,0,0
336,1,1,374,2,10,26,4,3,0,0,3
337,1,0,110,2,2,8,0,0,2,0,0
338,1,0,185,10,10,40,2,1,3,1,2
339,1,1,235,2,2,8,1,0,0,0,0
340,1,1,41,6,1,6,0,0,0,0,1
341,1,0,243,16,1,16,0,0,0,0,1
342,1,0,183,8,1,8,0,0,0,0,1
343,1,1,273,30,9,68,1,3,0,1,1
344,1,1,372,4,12,36,3,0,2,2,3
345,1,1,234,8,8,40,0,2,0,0,3
346,1,1,282,16,6,42,1,1,0,0,2
347,1,0,135,12,1,12,0,0,0,0,0
348,1,1,236,8,1,8,0,0,0,0,0
349,1,0,165,2,1,2,1,0,0,0,0
350,1,1,318,16,2,22,0,0,0,0,1
351,1,1,299,10,2,16,1,0,1,0,0
352,1,0,345,14,6,38,1,1,1,0,2
353,1,1,115,8,7,38,1,2,1,1,2
354,1,0,179,10,1,10,0,0,0,0,1
355,1,1,396,12,9,44,1,2,2,0,1
356,1,0,371,6,11,40,4,1,4,1,0
357,1,0,292,2,1,2,1,0,0,0,0
358,1,1,339,10,6,36,2,1,0,0,2
359,1,1,245,2,1,2,1,0,0,0,0
360,1,0,330,14,12,84,2,0,3,3,3
361,1,0,154,10,1,10,0,0,1,0,0
362,1,0,243,28,1,28,0,1,0,0,0
363,1,1,72,14,2,18,0,0,0,0,1
364,1,1,92,6,1,6,1,0,0,0,0
365,1,1,307,8,1,8,1,0,0,0,0
366,1,0,271,10,1,10,0,0,0,0,1
367,1,1,385,4,9,40,2,0,2,2,2
368,1,1,94,2,6,24,1,1,2,1,0
369,1,0,115,2,3,16,1,0,0,1,0
370,1,1,55,2,3,8,0,1,0,0,1
371,1,0,252,2,2,4,0,0,1,0,1
372,1,0,339,12,11,38,4,0,1,1,2
373,1,1,76,10,1,10,0,0,0,0,1
374,1,1,59,16,1,16,0,0,0,1,0
375,1,0,406,8,10,58,1,0,3,2,1
376,1,1,60,14,4,28,0,0,1,0,1
377,1,0,306,10,1,10,0,0,0,0,1
378,1,1,264,4,2,8,0,0,0,1,1
379,1,1,74,10,2,14,1,0,0,0,1
380,1,0,256,12,1,12,0,0,0,0,1
381,1,1,253,12,1,12,0,0,1,0,0
382,1,0,403,12,8,44,3,1,1,2,1
383,1,1,35,10,2,16,0,0,0,1,1
384,1,0,139,10,9,30,1,3,1,2,0
385,1,0,229,16,2,20,0,0,1,0,0
386,1,1,237,2,2,4,0,0,1,0,1
387,1,1,202,8,11,32,2,0,1,1,2
388,1,0,111,12,2,20,0,0,0,0,0
389,1,1,256,2,11,38,4,2,3,0,1
390,1,1,57,2,2,8,0,0,1,0,1
391,1,1,162,10,1,10,0,0,0,0,1
392,1,1,336,2,10,24,3,0,0,0,2
393,1,1,319,2,2,8,0,0,0,1,1
394,1,0,183,2,1,2,0,1,0,0,0
395,1,0,385,4,10,26,2,0,1,3,0
396,1,0,352,2,6,22,0,2,1,0,2
397,1,1,276,10,2,16,1,0,0,0,0
398,1,1,72,6,4,16,1,0,1,0,2
399,1,1,313,8,1,8,0,0,0,0,0
400,1,0,287,12,4,24,0,3,0,0,1
401,0,1,123,12,1,12,0,1,0,0,0
402,0,1,294,6,2,8,0,1,1,0,0
403,0,1,138,14,9,38,1,1,3,2,1
404,0,1,228,2,1,2,0,1,0,0,0
405,0,1,102,22,2,24,2,0,0,0,0
406,0,0,145,10,8,50,1,1,4,0,1
407,0,0,211,6,1,6,0,0,1,0,0
408,0,1,289,4,5,32,1,1,1,1,0
409,0,0,185,14,6,44,1,0,3,1,1
410,0,1,261,6,1,6,1,0,0,0,0
411,0,1,73,14,4,32,2,0,0,0,1
412,0,1,185,16,2,18,0,0,0,1,1
413,0,1,274,12,2,20,1,0,0,0,1
414,0,1,82,10,1,10,0,0,0,0,0
415,0,1,184,2,2,10,1,0,1,0,0
416,0,1,113,20,1,20,1,0,0,0,0
417,0,0,44,12,2,20,0,0,2,0,0
418,0,1,254,6,3,24,0,0,1,1,1
419,0,1,213,2,1,2,0,0,0,0,1
420,0,1,57,10,2,14,0,0,2,0,0
421,0,1,252,12,1,12,1,0,0,0,0
422,0,1,52,4,2,6,1,0,0,0,0
423,0,1,33,16,2,22,0,0,0,1,0
424,0,1,132,18,2,20,1,0,0,0,0
425,0,0,333,2,4,18,1,0,1,0,1
426,0,1,284,12,1,12,0,0,0,0,0
427,0,1,314,2,1,2,0,0,1,0,0
428,0,1,437,16,11,58,5,0,2,2,2
429,0,1,285,10,6,38,0,0,2,2,1
430,0,1,115,24,1,24,0,0,0,0,1
431,0,0,240,34,8,54,3,2,2,0,0
432,0,1,87,8,4,18,0,0,2,1,1
433,0,1,96,16,1,16,0,0,0,0,1
434,0,1,408,16,10,48,3,0,3,1,1
435,0,0,32,14,1,14,0,0,0,0,1
436,0,1,54,14,3,22,1,1,1,0,0
437,0,1,196,10,2,18,2,0,0,0,0
438,0,1,357,12,12,60,2,4,2,2,2
439,0,0,147,12,1,12,0,1,0,0,0
440,0,1,194,2,2,6,0,0,1,1,0
441,0,1,196,2,12,26,3,2,2,1,0
442,0,0,176,8,1,8,0,0,1,0,0
443,0,1,220,4,1,4,0,0,1,0,0
444,0,1,316,16,6,32,3,1,0,1,1
445,0,0,235,14,1,14,0,1,0,0,0
446,0,1,280,30,2,34,0,1,1,0,0
447,0,1,320,28,3,38,0,0,2,0,1
448,0,1,141,16,2,18,0,0,0,1,1
449,0,1,346,28,12,52,3,1,3,1,3
450,0,1,149,2,1,2,1,0,0,0,0
451,0,1,42,8,2,10,1,1,0,0,0
452,0,0,340,14,4,26,3,0,1,0,0
453,0,1,87,10,1,10,1,0,0,0,0
454,0,1,69,14,2,18,1,0,0,0,0
455,0,1,206,12,1,12,0,0,0,0,1
456,0,1,206,26,1,26,0,0,1,0,0
457,0,1,281,14,12,66,5,1,1,4,0
458,0,1,134,12,4,22,3,0,0,0,0
459,0,0,216,28,2,36,0,0,1,0,1
460,0,1,186,36,2,40,0,0,2,0,0
461,0,0,304,2,1,2,0,0,0,0,1
462,0,0,228,30,2,38,1,0,1,0,0
463,0,1,196,16,4,38,2,0,0,2,0
464,0,0,148,8,1,8,0,0,1,0,0
465,0,1,247,24,2,26,1,0,1,0,0
466,0,1,303,2,2,6,0,0,1,0,0
467,0,1,128,8,1,8,1,0,0,0,0
468,0,1,193,16,1,16,0,0,1,0,0
469,0,1,316,32,2,36,0,1,0,1,0
470,0,0,162,20,1,20,1,0,0,0,0
471,0,1,107,8,1,8,1,0,0,0,0
472,0,0,94,2,2,10,0,0,1,0,1
473,0,1,212,16,1,16,1,0,0,0,0
474,0,1,126,16,8,48,2,1,1,2,0
475,0,0,130,36,2,38,0,0,1,0,1
476,0,1,299,12,3,26,0,0,0,1,0
477,0,1,287,22,2,30,0,0,1,0,1
478,0,1,125,14,2,16,0,1,0,0,1
479,0,1,193,16,2,20,1,0,0,0,1
480,0,1,275,2,1,2,0,0,0,1,0
481,0,1,204,4,4,16,1,0,2,0,0
482,0,1,262,12,2,16,0,0,0,1,1
483,0,1,18,30,1,30,0,0,1,0,0
484,0,0,277,14,1,14,0,0,1,0,0
485,0,1,49,10,2,14,0,0,0,1,0
486,0,1,396,4,9,24,1,4,2,1,0
487,0,1,98,12,1,12,0,0,0,0,1
488,0,1,62,8,1,8,0,0,1,0,0
489,0,1,266,34,2,40,0,0,0,0,1
490,0,1,81,10,1,10,0,0,0,0,0
491,0,1,80,8,2,12,1,0,1,0,0
492,0,1,244,2,2,8,0,0,0,1,0
493,0,0,29,4,1,4,0,1,0,0,0
494,0,1,214,16,2,24,1,0,0,0,0
495,0,1,240,20,1,20,1,0,0,0,0
496,0,1,202,12,2,16,0,0,1,0,1
497,0,0,33,10,2,16,0,0,1,0,1
498,0,1,253,8,3,24,1,0,0,0,1
499,0,0,228,2,8,24,1,1,4,1,1
500,0,1,224,14,2,20,1,0,1,0,0
501,0,0,96,8,1,8,0,0,1,0,0
502,0,1,122,16,1,16,0,1,0,0,0
503,0,1,266,12,6,44,2,0,1,1,1
504,0,1,128,20,6,40,2,0,1,1,0
505,0,1,198,4,4,20,1,0,2,1,0
506,0,0,228,4,8,32,1,0,2,3,0
507,0,0,100,8,1,8,1,0,0,0,0
508,0,1,247,20,4,30,1,0,0,0,1
509,0,0,73,18,1,18,1,0,0,0,0
510,0,1,288,22,1,22,0,0,1,0,0
511,0,1,413,34,9,74,3,0,1,1,2
512,0,1,397,4,11,60,4,0,3,1,1
513,0,1,25,6,1,6,0,0,1,0,0
514,0,1,15,12,1,12,1,0,0,0,0
515,0,0,251,12,7,54,2,0,3,1,1
516,0,1,314,2,2,4,0,1,1,0,0
517,0,0,126,28,1,28,0,0,0,0,0
518,0,1,107,2,2,8,1,0,0,0,1
519,0,1,314,10,1,10,0,0,0,0,1
520,0,0,121,10,1,10,0,0,1,0,0
521,0,1,166,16,1,16,0,0,1,0,0
522,0,1,117,8,5,20,2,0,2,0,0
523,0,1,224,28,2,32,0,0,0,1,1
524,0,1,75,14,1,14,0,1,0,0,0
525,0,1,180,14,1,14,0,0,1,0,0
526,0,0,248,4,5,24,2,1,0,2,0
527,0,1,92,14,1,14,1,0,0,0,0
528,0,1,69,12,1,12,1,0,0,0,0
529,0,0,277,20,1,20,0,1,0,0,0
530,0,1,294,12,5,24,1,1,2,1,0
531,0,0,18,2,1,2,0,0,1,0,0
532,0,0,218,10,2,18,1,0,0,1,0
533,0,1,268,14,2,18,1,0,0,0,1
534,0,0,324,14,2,20,0,0,2,0,0
535,0,0,168,12,1,12,0,0,0,1,0
536,0,0,316,14,4,34,2,1,0,0,1
537,0,0,174,12,11,48,4,0,1,2,1
538,0,1,71,14,2,20,2,0,0,0,0
539,0,1,202,10,1,10,0,1,0,0,0
540,0,1,30,10,1,10,0,0,1,0,0
541,0,1,129,10,1,10,1,0,0,0,0
542,0,1,205,4,2,6,0,0,0,1,0
543,0,1,215,16,6,34,1,0,1,1,2
544,0,1,189,8,4,18,0,0,0,2,1
545,0,1,285,22,1,22,0,0,1,0,0
546,0,1,288,4,1,4,0,0,1,0,0
547,0,1,209,4,1,4,1,0,0,0,0
548,0,1,301,14,4,34,1,0,2,1,0
549,0,1,35,18,2,22,1,0,1,0,0
550,0,1,244,16,2,20,1,0,0,1,0
551,0,1,334,8,9,28,1,1,3,1,1
552,0,1,140,16,2,24,1,0,0,0,1
553,0,0,162,10,6,22,1,1,3,0,1
554,0,0,163,14,1,14,0,0,0,0,0
555,0,1,216,14,2,20,1,0,1,0,0
556,0,1,264,16,1,16,0,0,0,0,0
557,0,0,111,12,2,16,1,0,1,0,0
558,0,0,235,18,1,18,0,0,0,1,0
559,0,1,117,16,7,54,4,0,1,1,0
560,0,1,135,16,3,26,1,1,0,0,1
561,0,1,131,16,1,16,0,0,0,0,1
562,0,1,235,2,1,2,1,0,0,0,0
563,0,1,118,12,1,12,0,0,0,0,1
564,0,1,327,4,9,38,1,1,2,2,2
565,0,1,237,16,2,20,0,0,0,0,1
566,0,1,151,10,3,24,1,1,0,1,0
567,0,1,84,16,2,24,0,0,1,0,0
568,0,0,180,4,1,4,0,0,0,1,0
569,0,1,79,10,2,14,0,0,2,0,0
570,0,1,201,12,3,28,0,1,0,0,1
571,0,0,331,26,7,42,3,1,1,1,1
572,0,1,292,12,5,30,1,2,1,0,0
573,0,1,285,12,11,76,2,1,3,2,0
574,0,0,300,34,1,34,1,0,0,0,0
575,0,1,175,12,1,12,1,0,0,0,0
576,0,0,354,6,10,56,1,3,5,1,0
577,0,1,210,12,1,12,0,0,0,1,0
578,0,1,163,2,1,2,1,0,0,0,0
579,0,1,57,26,1,26,1,0,0,0,0
580,0,1,263,8,2,14,0,0,1,1,0
581,0,1,118,16,6,46,1,2,2,1,0
582,0,0,149,6,2,12,0,1,0,1,0
583,0,1,263,12,10,36,0,1,3,2,2
584,0,1,88,12,1,12,0,0,1,0,0
585,0,1,107,16,1,16,0,0,1,0,0
586,0,0,345,6,6,30,3,1,0,0,1
587,0,1,323,8,2,12,1,1,0,0,0
588,0,1,125,14,1,14,0,0,0,1,0
589,0,1,168,10,2,18,2,0,0,0,0
590,0,1,76,12,2,20,0,0,0,1,0
591,0,1,257,16,1,16,0,0,0,0,0
592,0,1,314,6,1,6,0,1,0,0,0
593,0,1,126,14,2,16,0,0,1,0,0
594,0,1,139,30,1,30,0,0,0,1,0
595,0,1,152,30,3,40,0,0,2,1,0
596,0,0,103,18,1,18,0,0,0,0,1
597,0,1,135,2,2,6,1,0,0,0,0
598,0,1,60,14,2,22,0,0,1,0,1
599,0,0,390,8,9,38,2,2,3,0,1
600,0,1,236,12,2,18,0,0,1,0,0
601,0,1,245,24,5,46,2,1,1,1,0
602,0,0,327,16,2,24,0,0,0,1,0
603,0,0,148,16,4,38,1,1,1,0,0
604,0,1,162,16,4,24,0,0,0,3,1
605,0,0,254,10,1,10,0,0,0,0,1
606,0,1,186,10,1,10,0,0,1,0,0
607,0,1,218,12,2,16,1,0,1,0,0
608,0,1,133,6,4,18,1,1,2,0,0
609,0,0,184,14,1,14,0,0,0,0,0
610,0,1,249,12,1,12,0,0,0,0,0
611,0,0,193,28,1,28,0,0,0,0,0
612,0,0,88,14,2,22,0,0,1,1,0
613,0,1,225,26,10,84,4,3,2,0,0
614,0,1,256,14,1,14,0,0,0,0,0
615,0,1,55,6,2,8,0,0,1,0,0
616,0,0,229,14,10,62,4,1,2,2,0
617,0,1,132,6,2,10,0,1,1,0,0
618,0,0,133,22,2,26,2,0,0,0,0
619,0,0,77,12,1,12,0,0,0,0,0
620,0,1,161,22,9,58,3,2,0,0,2
621,0,1,114,10,2,14,1,0,1,0,0
622,0,1,232,20,1,20,0,0,0,0,1
623,0,0,135,4,2,8,0,0,0,0,0
624,0,1,30,4,1,4,0,0,0,1,0
625,0,0,246,8,2,16,0,0,1,0,0
626,0,0,271,12,2,14,0,1,1,0,0
627,0,1,153,10,1,10,1,0,0,0,0
628,0,1,171,24,7,58,1,1,1,1,1
629,0,1,228,12,1,12,0,0,0,0,1
630,0,0,24,8,1,8,1,0,0,0,0
631,0,1,185,6,1,6,1,0,0,0,0
632,0,1,84,14,1,14,1,0,0,0,0
633,0,1,84,16,1,16,0,0,0,0,0
634,0,1,248,36,2,40,0,0,1,1,0
635,0,0,164,12,3,24,0,1,2,0,0
636,0,0,281,6,4,16,0,2,2,0,0
637,0,1,46,10,2,16,0,0,0,2,0
638,0,1,136,22,1,22,0,0,1,0,0
639,0,1,317,10,2,16,0,0,1,1,0
640,0,1,166,10,1,10,0,0,0,0,0
641,0,1,226,2,1,2,0,0,1,0,0
642,0,0,123,4,2,10,1,1,0,0,0
643,0,0,39,12,2,16,1,0,0,1,0
644,0,1,294,2,1,2,1,0,0,0,0
645,0,0,473,30,12,66,3,0,5,1,0
646,0,1,302,4,2,8,0,1,0,0,0
647,0,1,170,12,1,12,0,0,1,0,0
648,0,1,288,20,1,20,0,1,0,0,0
649,0,0,51,2,2,8,0,0,2,0,0
650,0,0,388,14,10,54,4,1,2,0,0
651,0,1,67,10,2,14,0,0,1,0,0
652,0,1,62,8,1,8,0,0,0,0,1
653,0,0,60,14,4,32,1,1,2,0,0
654,0,1,132,18,1,18,0,0,0,0,0
655,0,1,107,18,1,18,0,0,0,1,0
656,0,1,175,8,1,8,0,0,0,0,0
657,0,0,184,4,2,6,0,0,2,0,0
658,0,1,113,12,1,12,0,0,1,0,0
659,0,1,163,10,2,12,1,0,0,1,0
660,0,1,300,14,7,46,2,1,4,0,0
661,0,1,194,14,2,22,0,0,0,0,2
662,0,1,237,12,1,12,0,0,0,0,0
663,0,1,328,6,4,16,0,1,2,0,1
664,0,0,286,14,2,18,0,0,0,0,1
665,0,1,68,16,1,16,0,0,0,0,1
666,0,1,247,12,2,18,0,0,0,1,0
667,0,0,46,12,2,16,1,0,1,0,0
668,0,0,163,6,3,22,2,0,0,1,0
669,0,1,309,10,2,18,0,0,1,1,0
670,0,1,299,14,2,18,1,0,1,0,0
671,0,1,275,14,1,14,0,0,0,0,0
672,0,1,268,12,2,18,0,1,1,0,0
673,0,1,345,10,8,44,1,1,2,2,0
674,0,0,282,14,2,18,0,0,0,1,1
675,0,1,340,12,6,30,2,1,1,0,0
676,0,1,91,10,5,26,3,0,0,1,1
677,0,1,434,34,11,66,4,1,4,1,0
678,0,0,232,14,4,30,1,1,1,0,0
679,0,1,242,24,6,58,0,0,2,2,0
680,0,0,278,4,2,10,1,1,0,0,0
681,0,0,34,10,2,16,1,0,0,1,0
682,0,1,239,12,8,58,1,1,3,1,0
683,0,1,329,14,3,24,0,0,1,0,2
684,0,1,263,10,1,10,1,0,0,0,0
685,0,0,138,14,5,30,2,2,0,1,0
686,0,1,364,16,8,60,0,1,3,0,1
687,0,0,192,34,2,40,1,1,0,0,0
688,0,1,180,14,2,18,0,0,1,0,0
689,0,0,258,8,10,44,2,2,2,3,0
690,0,1,260,20,2,22,0,0,2,0,0
691,0,1,124,16,2,22,2,0,0,0,0
692,0,1,167,18,5,32,1,0,1,3,0
693,0,1,75,14,2,22,0,0,1,0,0
694,0,1,266,2,1,2,0,0,1,0,0
695,0,0,243,4,1,4,0,0,0,0,0
696,0,0,40,22,1,22,0,0,0,1,0
697,0,0,273,8,3,16,0,1,2,0,0
698,0,1,88,8,3,16,2,0,0,1,0
699,0,0,33,2,2,4,0,1,0,0,0
700,0,1,16,12,1,12,0,0,1,0,0
701,0,1,123,10,1,10,0,1,0,0,0
702,0,1,286,18,8,40,2,0,3,1,0
703,0,1,217,2,1,2,0,1,0,0,0
704,0,1,207,8,1,8,0,0,0,0,0
705,0,1,267,26,2,28,2,0,0,0,0
706,0,1,192,34,6,52,0,0,3,2,1
707,0,0,44,2,2,10,0,0,0,1,1
708,0,1,208,16,2,20,1,0,1,0,0
709,0,0,211,32,1,32,0,0,0,0,0
710,0,1,237,10,2,16,1,0,0,1,0
711,0,0,236,14,1,14,0,0,0,0,0
712,0,1,115,12,1,12,0,1,0,0,0
713,0,1,218,14,8,48,1,0,3,1,1
714,0,1,138,8,1,8,1,0,0,0,0
715,0,0,191,6,10,56,1,1,4,1,1
716,0,0,123,8,1,8,0,0,0,0,1
717,0,1,261,6,10,54,1,1,4,1,1
718,0,1,185,8,2,12,2,0,0,0,0
719,0,1,320,16,5,42,0,1,3,0,0
720,0,0,213,4,4,22,1,0,1,0,0
721,0,0,199,10,1,10,1,0,0,0,0
722,0,1,167,4,11,58,2,3,4,1,0
723,0,1,82,4,1,4,0,0,0,0,1
724,0,1,404,18,7,38,1,1,4,1,0
725,0,0,155,10,8,44,1,1,2,2,2
726,0,0,215,16,1,16,1,0,0,0,0
727,0,0,26,32,1,32,0,0,1,0,0
728,0,1,59,8,1,8,0,0,1,0,0
729,0,1,121,8,2,12,0,1,0,0,0
730,0,1,300,14,1,14,0,0,1,0,0
731,0,0,191,20,1,20,0,1,0,0,0
732,0,1,124,12,1,12,0,1,0,0,0
733,0,1,78,12,1,12,0,0,1,0,0
734,0,1,168,4,1,4,0,1,0,0,0
735,0,1,41,12,2,18,1,1,0,0,0
736,0,1,130,10,1,10,0,0,0,1,0
737,0,1,235,14,1,14,1,0,0,0,0
738,0,1,241,22,1,22,0,0,1,0,0
739,0,1,295,8,2,14,1,0,1,0,0
740,0,0,321,16,10,46,4,1,1,1,2
741,0,0,326,22,4,38,2,0,0,1,0
742,0,1,34,10,2,12,0,1,1,0,0
743,0,0,130,14,2,22,0,0,1,0,0
744,0,1,195,12,2,16,1,0,0,0,1
745,0,1,230,2,1,2,1,0,0,0,0
746,0,0,210,34,1,34,0,0,1,0,0
747,0,0,405,14,9,50,3,1,4,0,0
748,0,1,143,10,1,10,1,0,0,0,0
749,0,1,141,24,2,28,0,0,0,0,0
750,0,1,297,12,1,12,0,0,0,1,0
751,0,1,119,10,5,26,1,1,1,0,1
752,0,0,115,16,2,20,1,0,0,1,0
753,0,1,153,32,2,38,0,0,1,0,0
754,0,0,142,12,1,12,0,0,0,1,0
755,0,0,224,16,2,18,0,1,1,0,0
756,0,0,98,12,3,22,0,1,0,1,1
757,0,1,393,14,12,78,2,0,6,1,1
758,0,1,206,18,4,36,1,1,2,0,0
759,0,1,219,12,6,34,2,1,0,0,2
760,0,1,219,34,8,78,1,0,3,2,1
761,0,1,325,4,10,56,2,0,4,2,1
762,0,0,191,12,1,12,0,0,0,0,0
763,0,0,81,10,2,12,0,1,0,1,0
764,0,1,320,10,2,18,0,1,0,0,0
765,0,1,281,30,1,30,0,0,0,0,1
766,0,1,247,4,1,4,0,0,1,0,0
767,0,0,303,14,3,28,0,0,2,0,0
768,0,1,204,4,1,4,0,0,0,0,0
769,0,1,247,14,2,18,0,0,2,0,0
770,0,1,305,14,8,56,0,1,4,2,0
771,0,1,32,12,1,12,0,0,0,1,0
772,0,1,30,14,1,14,1,0,0,0,0
773,0,1,41,14,1,14,1,0,0,0,0
774,0,1,190,14,10,72,0,0,4,2,2
775,0,1,42,12,2,18,0,0,2,0,0
776,0,1,63,24,2,26,0,0,1,1,0
777,0,1,277,12,5,36,1,0,2,2,0
778,0,0,161,20,1,20,1,0,0,0,0
779,0,1,126,8,2,16,0,0,0,1,0
780,0,0,47,2,2,4,0,2,0,0,0
781,0,1,247,10,1,10,1,0,0,0,0
782,0,1,260,30,2,38,0,0,1,0,1
783,0,1,213,6,1,6,0,0,1,0,0
784,0,1,312,14,1,14,0,0,1,0,0
785,0,1,252,16,1,16,0,0,1,0,0
786,0,1,240,6,12,46,4,1,2,3,2
787,0,1,127,4,2,6,2,0,0,0,0
788,0,0,179,24,1,24,0,0,0,1,0
789,0,0,54,12,1,12,1,0,0,0,0
790,0,0,108,10,2,12,0,0,1,1,0
791,0,1,82,4,3,20,1,1,1,0,0
792,0,1,42,10,2,16,0,0,0,1,0
793,0,1,214,22,2,26,0,1,1,0,0
794,0,1,284,30,1,30,0,1,0,0,0
795,0,0,302,14,12,48,3,1,5,0,1
796,0,1,307,34,1,34,0,0,1,0,0
797,0,1,277,14,2,20,1,0,1,0,0
798,0,0,150,12,2,18,0,0,0,2,0
799,0,1,104,18,1,18,1,0,0,0,0
800,0,0,317,16,2,22,1,0,0,1,0
801,0,1,100,20,2,26,1,0,0,0,0
802,0,0,183,30,5,44,2,0,0,1,0
803,0,0,118,14,2,22,1,0,0,1,0
804,0,1,79,20,1,20,0,0,1,0,0
805,0,0,141,2,2,4,0,0,2,0,0
806,0,0,292,16,1,16,0,1,0,0,0
807,0,1,227,4,1,4,0,1,0,0,0
808,0,1,254,36,7,68,0,0,3,0,2
809,0,1,272,4,12,30,5,0,3,1,0
810,0,0,60,8,2,14,0,0,2,0,0
811,0,1,181,16,1,16,0,0,0,1,0
812,0,0,328,34,9,62,1,0,4,2,0
813,0,0,115,4,2,10,0,0,1,1,0
814,0,1,156,14,1,14,0,0,1,0,0
815,0,1,287,30,1,30,0,0,0,0,0
816,0,1,116,28,1,28,0,0,1,0,0
817,0,1,79,6,2,14,2,0,0,0,0
818,0,1,151,14,1,14,0,0,0,1,0
819,0,1,173,8,11,66,4,0,3,2,1
820,0,1,224,8,1,8,0,0,1,0,0
821,0,1,228,16,11,52,4,0,3,2,0
822,0,0,143,12,3,26,2,0,0,1,0
823,0,1,214,6,5,20,2,0,1,0,0
824,0,1,305,2,2,6,1,0,1,0,0
825,0,0,371,4,6,38,2,2,1,0,1
826,0,0,225,18,1,18,1,0,0,0,0
827,0,1,161,14,1,14,0,0,0,1,0
828,0,1,54,8,1,8,0,0,0,0,1
829,0,0,253,16,2,20,1,0,0,0,0
830,0,0,155,10,1,10,1,0,0,0,0
831,0,1,160,22,6,42,1,0,2,1,1
832,0,1,281,14,1,14,0,0,1,0,0
833,0,1,72,12,2,18,1,0,0,0,0
834,0,1,177,30,1,30,0,0,1,0,0
835,0,1,84,14,2,22,1,0,0,1,0
836,0,0,180,12,1,12,0,0,0,1,0
837,0,1,195,6,1,6,1,0,0,0,0
838,0,1,325,10,2,12,0,0,0,0,0
839,0,1,180,4,2,6,1,0,0,1,0
840,0,1,158,10,1,10,0,0,1,0,0
841,0,0,323,8,4,20,1,0,2,0,0
842,0,0,112,16,1,16,0,0,0,0,0
843,0,1,304,12,2,16,0,0,1,0,1
844,0,0,219,12,7,42,2,1,2,1,1
845,0,1,238,10,1,10,0,0,1,0,0
846,0,0,226,14,2,20,0,0,1,1,0
847,0,0,220,28,2,32,0,0,2,0,0
848,0,1,143,4,2,12,0,0,0,1,1
849,0,1,274,10,8,26,2,1,2,2,1
850,0,0,154,12,10,44,1,1,2,2,1
851,0,1,302,16,11,62,3,3,1,2,1
852,0,0,188,10,9,50,1,1,2,3,1
853,0,1,53,26,2,32,1,1,0,0,0
854,0,1,198,26,2,30,1,0,0,0,1
855,0,1,256,12,5,32,3,1,0,1,0
856,0,1,248,10,2,12,0,0,0,0,0
857,0,0,350,12,5,38,0,0,2,3,0
858,0,1,217,36,2,44,0,0,0,1,1
859,0,0,231,14,2,18,0,1,0,1,0
860,0,0,119,34,7,66,1,0,4,0,0
861,0,1,253,6,12,38,8,0,1,1,0
862,0,0,295,14,1,14,1,0,0,0,0
863,0,0,276,24,2,28,0,0,1,0,0
864,0,1,218,14,1,14,0,0,0,1,0
865,0,1,202,8,4,30,4,0,0,0,0
866,0,0,232,8,1,8,1,0,0,0,0
867,0,1,247,32,2,40,1,1,0,0,0
868,0,1,310,12,2,18,0,1,1,0,0
869,0,1,298,12,4,24,1,0,0,1,1
870,0,1,161,2,1,2,0,0,1,0,0
871,0,0,122,16,1,16,0,0,1,0,0
872,0,1,34,10,1,10,1,0,0,0,0
873,0,1,191,10,2,12,1,0,0,0,0
874,0,0,103,18,2,24,1,0,1,0,0
875,0,1,127,10,2,18,0,0,1,0,0
876,0,1,106,16,1,16,0,0,1,0,0
877,0,0,102,2,2,8,1,0,0,0,0
878,0,1,301,6,1,6,0,1,0,0,0
879,0,0,228,6,2,8,0,0,1,0,0
880,0,0,263,12,1,12,0,0,1,0,0
881,0,1,80,6,2,14,0,1,0,1,0
882,0,0,256,16,8,60,3,0,3,1,1
883,0,1,229,18,1,18,0,0,1,0,0
884,0,1,67,12,1,12,0,0,1,0,0
885,0,0,292,12,4,28,3,0,0,0,0
886,0,1,320,6,3,18,1,1,0,0,0
887,0,1,241,30,1,30,0,1,0,0,0
888,0,0,312,14,1,14,0,0,1,0,0
889,0,1,261,22,2,30,0,0,1,0,0
890,0,1,273,16,1,16,1,0,0,0,0
891,0,0,163,6,2,14,2,0,0,0,0
892,0,0,198,30,1,30,0,0,0,1,0
893,0,1,234,14,2,16,0,0,2,0,0
894,0,0,232,16,1,16,0,0,1,0,0
895,0,0,271,14,1,14,0,0,0,0,0
896,0,1,148,28,3,40,1,0,1,0,1
897,0,1,273,16,10,70,5,0,1,1,0
898,0,1,94,8,3,26,0,1,1,0,0
899,0,0,284,18,7,44,3,1,3,0,0
900,0,0,152,18,1,18,1,0,0,0,0
901,0,0,35,6,2,10,0,1,1,0,0
902,0,1,242,16,12,80,3,0,4,2,0
903,0,1,28,12,1,12,1,0,0,0,0
904,0,1,226,22,1,22,0,0,1,0,0
905,0,0,34,4,2,10,1,0,0,0,0
906,0,1,32,12,2,18,0,0,2,0,0
907,0,1,150,30,1,30,0,0,0,1,0
908,0,1,102,28,1,28,0,1,0,0,0
909,0,1,394,8,11,72,4,1,3,1,2
910,0,0,399,8,10,54,1,1,4,1,2
911,0,1,257,16,2,24,1,1,0,0,0
912,0,1,250,24,2,28,2,0,0,0,0
913,0,0,83,18,1,18,1,0,0,0,0
914,0,1,221,2,1,2,0,0,0,0,0
915,0,0,271,16,3,26,2,0,0,0,1
916,0,1,366,10,12,70,3,1,2,3,1
917,0,1,300,14,1,14,0,0,1,0,0
918,0,0,262,10,12,34,1,3,2,3,0
919,0,1,287,8,2,14,1,1,0,0,0
920,0,0,89,4,2,8,0,0,0,0,1
921,0,1,32,16,1,16,0,0,0,1,0
922,0,1,142,16,6,46,2,1,0,1,2
923,0,1,278,20,1,20,0,0,0,0,0
924,0,0,175,4,1,4,1,0,0,0,0
925,0,1,203,16,2,24,1,0,1,0,0
926,0,0,205,2,2,8,0,0,1,0,0
927,0,1,33,12,2,14,0,1,0,1,0
928,0,1,176,4,1,4,0,0,1,0,0
929,0,1,284,10,1,10,0,0,1,0,0
930,0,0,46,2,1,2,1,0,0,0,0
931,0,1,323,12,7,44,2,0,2,2,0
932,0,0,262,2,3,12,2,1,0,0,0
933,0,1,59,8,1,8,0,0,0,1,0
934,0,1,88,30,2,38,0,1,0,0,1
935,0,1,263,4,12,66,2,0,3,1,4
936,0,1,96,4,2,12,0,0,0,0,1
937,0,0,269,16,3,30,0,0,2,1,0
938,0,1,410,16,9,66,2,0,3,1,1
939,0,0,289,14,1,14,0,0,0,0,0
940,0,1,176,12,1,12,0,1,0,0,0
941,0,1,186,24,1,24,0,0,0,1,0
942,0,0,222,2,6,24,0,2,0,2,0
943,0,1,369,4,5,28,2,1,1,0,0
944,0,1,447,8,10,38,1,2,2,1,1
945,0,0,301,24,3,32,1,1,1,0,0
946,0,1,128,18,2,24,0,0,1,0,1
947,0,1,144,16,2,22,2,0,0,0,0
948,0,0,65,12,2,16,1,1,0,0,0
949,0,1,229,10,2,12,0,2,0,0,0
950,0,0,71,20,2,24,0,0,0,0,0
951,0,1,120,4,1,4,1,0,0,0,0
952,0,1,158,16,2,18,1,0,0,0,0
953,0,1,204,14,1,14,1,0,0,0,0
954,0,0,81,20,1,20,0,0,1,0,0
955,0,1,111,8,1,8,1,0,0,0,0
956,0,0,190,10,1,10,1,0,0,0,0
957,0,0,264,16,8,62,2,1,3,0,1
958,0,1,174,12,8,54,3,1,2,1,0
959,0,0,360,34,7,52,3,0,1,0,1
960,0,0,124,12,2,14,0,1,1,0,0
961,0,1,216,10,1,10,1,0,0,0,0
962,0,0,310,8,4,32,1,0,0,1,0
963,0,1,222,12,1,12,0,0,0,1,0
964,0,1,222,10,1,10,0,1,0,0,0
965,0,1,172,16,3,32,0,0,2,1,0
966,0,1,346,16,6,30,0,1,4,0,0
967,0,1,157,16,1,16,0,0,0,1,0
968,0,1,240,12,2,14,1,0,1,0,0
969,0,0,170,24,2,30,0,0,2,0,0
970,0,0,289,6,5,16,5,0,0,0,0
971,0,0,382,4,8,50,3,3,0,0,1
972,0,0,346,16,5,42,0,0,3,1,0
973,0,0,280,34,1,34,0,0,1,0,0
974,0,0,92,22,2,24,1,0,0,1,0
975,0,0,132,18,2,20,0,0,1,0,0
976,0,0,238,16,1,16,1,0,0,0,0
977,0,1,78,2,2,10,0,1,1,0,0
978,0,0,21,10,1,10,0,0,0,1,0
979,0,1,93,12,1,12,0,1,0,0,0
980,0,1,133,10,1,10,0,0,0,1,0
981,0,1,158,2,3,10,1,0,2,0,0
982,0,1,202,16,11,40,0,0,3,1,1
983,0,1,45,14,2,16,0,1,0,0,0
984,0,1,182,10,1,10,0,0,0,0,0
985,0,1,200,26,2,32,1,0,0,0,0
986,0,1,34,16,2,24,0,0,2,0,0
987,0,1,182,14,2,18,0,1,1,0,0
988,0,1,266,12,3,30,2,1,0,0,0
989,0,0,285,16,3,22,2,0,0,1,0
990,0,1,87,22,2,24,0,0,1,0,0
991,0,1,293,2,9,26,0,1,2,2,1
992,0,1,105,24,2,30,1,1,0,0,0
993,0,1,295,6,9,56,2,0,1,3,1
994,0,1,165,14,2,22,1,0,1,0,0
995,0,1,187,2,8,18,3,0,2,2,0
996,0,0,155,18,1,18,1,0,0,0,0
997,0,1,283,2,1,2,0,0,1,0,0
998,0,0,314,14,2,16,0,0,0,1,1
999,0,1,276,10,2,14,0,0,0,1,1
1000,0,0,279,12,3,18,1,0,2,0,0
1001,0,1,218,6,1,6,0,0,1,0,0
1002,0,1,262,12,1,12,0,0,0,1,0
1003,0,1,349,2,7,28,2,0,2,1,1
1004,0,1,151,10,1,10,0,0,1,0,0
1005,0,1,199,14,2,16,0,0,1,0,0
1006,0,0,225,4,1,4,0,1,0,0,0
1007,0,1,189,12,1,12,0,0,0,1,0
1008,0,1,254,8,8,50,3,0,1,0,1
1009,0,1,192,12,2,16,0,0,1,0,1
1010,0,1,143,16,7,50,0,1,1,3,2
1011,0,1,240,14,1,14,1,0,0,0,0
1012,0,1,61,8,4,28,0,0,1,3,0
1013,0,1,187,2,8,44,3,1,3,1,0
1014,0,1,276,14,1,14,0,1,0,0,0
1015,0,1,211,6,4,24,0,1,1,1,0
1016,0,1,246,2,5,20,2,1,0,1,0
1017,0,1,165,12,5,22,2,1,1,1,0
1018,0,1,213,10,2,16,0,1,0,0,0
1019,0,1,45,8,1,8,1,0,0,0,0
1020,0,1,169,16,1,16,1,0,0,0,0
1021,0,1,38,14,1,14,0,0,1,0,0
1022,0,1,341,4,6,18,2,1,0,1,0
1023,0,1,243,14,10,62,4,0,1,2,1
1024,0,1,315,36,11,58,2,3,2,2,0
1025,0,1,228,8,10,46,4,0,3,2,0
1026,0,1,224,16,1,16,0,0,1,0,0
1027,0,1,131,14,1,14,0,1,0,0,0
1028,0,1,103,28,1,28,0,0,0,0,1
1029,0,0,223,16,2,20,1,0,0,0,1
1030,0,1,218,4,4,24,2,1,0,1,0
1031,0,0,396,4,10,28,4,1,3,1,1
1032,0,1,247,8,2,12,1,0,0,0,1
1033,0,1,36,12,1,12,0,0,1,0,0
1034,0,1,215,6,1,6,0,0,0,0,1
1035,0,1,202,26,1,26,0,0,1,0,0
1036,0,0,61,14,1,14,1,0,0,0,0
1037,0,1,200,10,1,10,0,0,0,1,0
1038,0,1,162,6,5,22,0,1,3,0,0
1039,0,1,269,12,3,28,2,0,0,1,0
1040,0,0,212,12,2,20,0,0,1,0,1
1041,0,1,262,14,1,14,0,0,1,0,0
1042,0,1,222,14,3,24,0,2,1,0,0
1043,0,0,158,8,1,8,1,0,0,0,0
1044,0,1,292,12,1,12,0,0,1,0,0
1045,0,0,308,6,1,6,1,0,0,0,0
1046,0,0,137,36,1,36,0,0,0,0,1
1047,0,1,114,16,1,16,0,0,0,0,1
1048,0,0,218,6,1,6,0,0,1,0,0
1049,0,0,156,6,2,14,0,0,1,0,0
1050,0,0,268,2,1,2,0,0,0,0,0
1051,0,1,44,16,2,20,0,0,0,1,1
1052,0,1,268,2,1,2,0,0,0,1,0
1053,0,1,118,16,1,16,1,0,0,0,0
1054,0,1,122,14,1,14,1,0,0,0,0
1055,0,1,187,10,5,30,1,1,1,0,0
1056,0,0,159,12,2,16,0,0,0,0,2
1057,0,1,224,32,1,32,0,0,0,1,0
1058,0,1,114,12,1,12,0,0,0,0,1
1059,0,1,218,2,2,8,1,0,0,1,0
1060,0,1,55,14,2,20,1,0,0,0,0
1061,0,1,315,14,5,34,3,0,1,0,0
1062,0,1,281,6,4,14,1,0,0,1,0
1063,0,0,282,8,6,24,3,0,1,0,1
1064,0,1,40,14,1,14,0,0,1,0,0
1065,0,0,172,4,2,8,0,0,0,2,0
1066,0,0,216,22,1,22,0,0,0,0,1
1067,0,0,148,32,2,38,0,1,0,1,0
1068,0,1,174,6,1,6,0,0,1,0,0
1069,0,0,181,12,1,12,0,0,0,1,0
1070,0,1,298,30,2,34,1,0,0,1,0
1071,0,0,181,10,2,16,1,0,0,0,1
1072,0,0,135,16,1,16,0,0,1,0,0
1073,0,1,382,6,11,64,3,0,3,1,3
1074,0,0,108,26,2,28,0,0,1,1,0
1075,0,0,145,2,1,2,0,0,1,0,0
1076,0,0,320,30,2,34,2,0,0,0,0
1077,0,0,401,6,8,40,3,0,2,3,0
1078,0,1,296,12,1,12,0,0,1,0,0
1079,0,1,287,12,2,18,0,1,1,0,0
1080,0,1,142,6,2,8,1,0,0,0,0
1081,0,1,214,2,1,2,0,0,0,0,1
1082,0,1,204,14,1,14,0,0,1,0,0
1083,0,1,183,2,1,2,0,0,0,0,1
1084,0,1,196,10,5,32,2,0,2,0,1
1085,0,1,254,14,3,28,0,1,0,0,2
1086,0,1,297,12,1,12,0,0,0,0,1
1087,0,1,219,10,2,18,0,0,2,0,0
1088,0,1,71,4,2,12,1,0,0,1,0
1089,0,1,233,34,1,34,0,0,0,0,1
1090,0,1,99,14,2,16,0,0,0,2,0
1091,0,1,26,16,1,16,0,0,1,0,0
1092,0,1,211,14,1,14,0,0,1,0,0
1093,0,1,232,10,1,10,0,0,0,1,0
1094,0,0,56,16,1,16,0,0,0,1,0
1095,0,1,78,14,2,20,0,0,2,0,0
1096,0,1,166,12,11,36,1,1,1,3,2
1097,0,1,159,16,2,20,1,0,0,0,0
1098,0,0,290,12,2,18,0,1,0,0,0
1099,0,1,272,10,2,12,0,1,1,0,0
1100,0,0,310,12,2,18,0,0,1,0,0
1101,0,1,314,12,9,66,3,0,3,2,0
1102,0,0,33,26,1,26,1,0,0,0,0
1103,0,1,108,12,6,32,3,0,1,0,1
1104,0,1,53,8,1,8,0,0,0,1,0
1105,0,1,151,12,2,16,1,0,1,0,0
1106,0,1,117,8,2,14,0,0,0,2,0
1107,0,1,127,26,2,34,0,0,2,0,0
1108,0,1,247,12,1,12,0,1,0,0,0
1109,0,1,243,8,2,10,1,0,0,1,0
1110,0,0,255,32,8,60,0,2,3,2,0
1111,0,1,169,10,2,18,0,0,0,1,1
1112,0,1,60,12,2,14,1,0,1,0,0
1113,0,1,202,8,2,14,0,1,0,0,0
1114,0,0,200,34,1,34,1,0,0,0,0
1115,0,1,301,36,7,62,1,1,2,1,2
1116,0,1,132,6,2,8,0,0,1,0,0
1117,0,1,173,10,2,16,2,0,0,0,0
1118,0,1,312,8,2,10,1,0,1,0,0
1119,0,1,104,28,1,28,0,0,0,1,0
1120,0,1,130,14,2,22,0,0,1,0,0
1121,0,0,127,36,1,36,0,0,0,0,0
1122,0,1,140,8,1,8,1,0,0,0,0
1123,0,1,383,16,8,50,1,2,2,0,2
1124,0,1,221,14,2,22,1,0,1,0,0
1125,0,0,273,14,5,30,1,0,2,0,1
1126,0,1,146,36,1,36,0,0,0,1,0
1127,0,1,233,14,4,28,0,0,3,0,1
1128,0,1,102,2,2,4,1,0,1,0,0
1129,0,1,276,24,2,32,0,0,0,2,0
1130,0,1,268,8,1,8,0,0,0,1,0
1131,0,1,175,36,1,36,0,0,0,0,0
1132,0,1,132,20,3,36,1,0,1,0,1
1133,0,1,231,2,2,8,0,0,0,1,0
1134,0,0,382,6,6,40,1,1,3,0,1
1135,0,1,95,16,1,16,0,0,0,0,0
1136,0,1,147,4,1,4,1,0,0,0,0
1137,0,0,93,16,1,16,1,0,0,0,0
1138,0,1,367,12,11,70,5,1,3,0,0
1139,0,1,199,12,1,12,0,0,0,0,0
1140,0,1,137,18,2,20,1,0,0,0,0
1141,0,1,239,6,3,14,2,0,0,0,1
1142,0,1,117,32,2,36,0,0,1,1,0
1143,0,1,192,10,2,12,1,0,1,0,0
1144,0,1,192,8,1,8,0,0,0,1,0
1145,0,0,310,12,2,18,1,0,0,0,0
1146,0,0,189,6,2,12,0,1,0,0,1
1147,0,0,298,12,1,12,0,0,0,1,0
1148,0,1,44,2,1,2,0,1,0,0,0
1149,0,1,78,10,2,14,1,0,1,0,0
1150,0,0,49,2,1,2,0,0,0,1,0
1151,0,1,125,6,2,8,1,0,1,0,0
1152,0,0,287,4,1,4,1,0,0,0,0
1153,0,1,152,4,8,38,2,1,2,2,0
1154,0,1,277,10,3,22,1,0,1,1,0
1155,0,0,215,16,1,16,0,0,1,0,0
1156,0,1,303,16,2,22,0,0,1,0,1
1157,0,1,71,10,1,10,0,0,0,0,0
1158,0,1,191,22,2,24,0,0,1,1,0
1159,0,1,98,8,1,8,1,0,0,0,0
1160,0,0,244,20,4,38,0,1,0,0,0
1161,0,1,32,16,1,16,0,1,0,0,0
1162,0,1,268,16,9,44,5,0,3,0,0
1163,0,0,132,12,1,12,0,0,0,0,1
1164,0,1,370,28,11,86,3,1,3,2,0
1165,0,1,335,6,12,54,5,2,2,2,1
1166,0,1,244,6,1,6,0,1,0,0,0
1167,0,1,185,12,2,20,0,0,2,0,0
1168,0,1,196,30,2,32,0,1,0,1,0
1169,0,1,157,12,1,12,0,0,0,0,0
1170,0,1,156,28,2,32,0,0,1,0,0
1171,0,1,219,18,8,40,2,0,4,1,0
1172,0,1,281,2,1,2,0,0,0,0,0
1173,0,1,294,16,1,16,0,0,0,1,0
1174,0,1,154,10,2,12,0,0,0,1,0
1175,0,1,84,4,1,4,0,0,1,0,0
1176,0,0,185,10,2,12,1,0,1,0,0
1177,0,0,102,2,1,2,0,0,0,1,0
1178,0,0,192,12,2,16,1,0,1,0,0
1179,0,0,131,10,2,16,2,0,0,0,0
1180,0,0,230,12,2,18,0,1,0,0,1
1181,0,1,266,2,3,18,0,0,1,2,0
1182,0,1,252,6,2,14,1,0,0,0,0
1183,0,1,113,8,2,14,0,0,2,0,0
1184,0,1,106,30,1,30,1,0,0,0,0
1185,0,1,158,16,7,44,0,2,1,2,0
1186,0,1,231,6,9,44,2,1,3,1,2
1187,0,1,301,16,1,16,0,0,1,0,0
1188,0,1,361,14,9,46,0,0,4,2,1
1189,0,1,135,6,1,6,0,1,0,0,0
1190,0,0,221,22,2,24,0,0,2,0,0
1191,0,0,261,18,2,24,1,0,1,0,0
1192,0,0,197,12,7,48,3,1,0,0,1
1193,0,1,273,10,1,10,0,0,1,0,0
1194,0,1,274,36,2,42,0,1,0,0,0
1195,0,0,149,10,1,10,1,0,0,0,0
1196,0,1,91,28,2,30,0,0,1,0,0
1197,0,1,76,6,1,6,0,1,0,0,0
1198,0,1,65,18,1,18,0,0,0,0,0
1199,0,0,49,16,3,22,1,0,0,1,1
1200,0,1,88,6,2,10,1,1,0,0,0
1201,0,0,89,8,2,14,0,0,0,0,1
1202,0,0,105,12,6,30,1,2,3,0,0
1203,0,1,279,28,1,28,0,0,0,0,1
1204,0,1,23,34,1,34,0,0,0,0,0
1205,0,1,78,8,2,12,0,0,0,0,1
1206,0,1,110,14,2,18,1,0,1,0,0
1207,0,0,241,4,1,4,0,0,0,0,1
1208,0,0,251,4,8,38,4,0,1,1,0
1209,0,0,199,24,2,26,0,1,0,0,1
1210,0,0,176,4,5,14,1,0,3,0,0
1211,0,1,303,10,2,14,1,0,0,0,0
1212,0,1,120,12,1,12,1,0,0,0,0
1213,0,1,167,16,1,16,1,0,0,0,0
1214,0,1,136,16,2,22,0,0,0,1,0
1215,0,1,91,14,1,14,0,0,1,0,0
1216,0,1,201,10,1,10,0,0,1,0,0
1217,0,1,238,4,2,8,1,0,0,1,0
1218,0,1,188,10,1,10,0,0,0,0,1
1219,0,1,264,12,3,18,2,0,0,1,0
1220,0,1,353,32,6,44,1,1,0,1,0
1221,0,0,295,8,1,8,0,0,1,0,0
1222,0,1,138,14,2,22,1,1,0,0,0
1223,0,1,133,6,1,6,1,0,0,0,0
1224,0,0,199,16,7,44,1,2,2,1,1
1225,0,1,182,16,2,22,0,0,2,0,0
1226,0,1,27,12,1,12,0,1,0,0,0
1227,0,1,273,10,1,10,0,0,1,0,0
1228,0,0,315,16,2,22,0,1,1,0,0
1229,0,1,122,2,2,10,1,0,1,0,0
1230,0,0,230,6,2,10,1,1,0,0,0
1231,0,1,316,4,2,10,1,0,0,1,0
1232,0,1,218,10,2,16,1,0,1,0,0
1233,0,1,198,8,1,8,0,0,0,0,0
1234,0,0,371,22,6,54,1,4,0,0,0
1235,0,1,189,30,6,60,1,0,2,0,2
1236,0,0,165,8,2,14,1,0,1,0,0
1237,0,1,93,10,1,10,0,0,0,0,1
1238,0,1,277,16,1,16,0,1,0,0,0
1239,0,1,120,14,1,14,0,0,1,0,0
1240,0,1,278,14,1,14,0,0,0,1,0
1241,0,1,304,16,1,16,0,0,0,0,1
1242,0,1,92,12,2,16,0,1,1,0,0
1243,0,0,313,4,1,4,0,0,0,0,0
1244,0,1,185,16,4,30,1,1,1,1,0
1245,0,1,211,24,2,28,0,1,0,1,0
1246,0,0,239,16,2,22,1,0,0,0,0
1247,0,0,88,10,3,26,1,0,1,0,1
1248,0,1,229,16,1,16,0,0,0,0,0
1249,0,1,262,2,8,30,1,0,3,0,1
1250,0,1,288,32,6,66,0,1,3,0,2
1251,0,1,151,4,1,4,1,0,0,0,0
1252,0,1,310,6,1,6,0,0,0,1,0
1253,0,0,260,18,1,18,0,0,1,0,0
1254,0,1,88,8,2,16,0,0,2,0,0
1255,0,1,51,28,2,36,0,0,0,0,0
1256,0,0,166,12,1,12,0,0,1,0,0
1257,0,1,38,12,1,12,0,1,0,0,0
1258,0,1,96,12,1,12,0,0,0,0,0
1259,0,0,124,2,4,22,0,1,1,2,0
1260,0,1,223,8,4,20,1,1,2,0,0
1261,0,1,118,16,1,16,0,0,0,0,0
1262,0,1,116,26,1,26,0,0,0,0,0
1263,0,1,154,8,7,24,3,0,2,0,1
1264,0,1,82,16,1,16,1,0,0,0,0
1265,0,0,296,24,6,42,0,1,3,2,0
1266,0,0,177,2,1,2,1,0,0,0,0
1267,0,1,86,8,1,8,0,0,0,1,0
1268,0,1,202,12,1,12,1,0,0,0,0
1269,0,1,78,26,1,26,0,0,0,1,0
1270,0,1,70,12,1,12,0,1,0,0,0
1271,0,1,192,12,1,12,0,0,1,0,0
1272,0,0,288,16,2,22,0,0,1,1,0
1273,0,1,131,14,2,22,1,0,1,0,0
1274,0,1,113,36,2,42,1,0,1,0,0
1275,0,0,190,18,1,18,0,0,0,1,0
1276,0,1,93,12,1,12,0,0,1,0,0
1277,0,1,59,18,2,22,0,1,0,0,1
1278,0,0,96,12,4,28,2,1,0,0,0
1279,0,0,82,12,2,20,2,0,0,0,0
1280,0,0,255,16,1,16,0,0,0,1,0
1281,0,1,76,32,2,40,0,1,0,1,0
1282,0,0,70,6,1,6,0,0,0,0,1
1283,0,1,180,16,2,18,0,1,0,0,1
1284,0,0,106,8,1,8,1,0,0,0,0
1285,0,0,268,10,2,18,1,0,0,0,1
1286,0,1,274,14,2,16,0,0,1,0,1
1287,0,1,59,8,2,14,1,0,1,0,0
1288,0,1,141,2,1,2,1,0,0,0,0
1289,0,0,219,10,1,10,1,0,0,0,0
1290,0,0,156,2,1,2,1,0,0,0,0
1291,0,1,153,8,1,8,0,0,0,0,1
1292,0,1,244,12,1,12,0,0,1,0,0
1293,0,1,144,16,1,16,0,0,1,0,0
1294,0,1,312,22,4,32,4,0,0,0,0
1295,0,1,81,4,3,10,0,0,1,0,1
1296,0,1,97,12,2,18,0,0,1,0,0
1297,0,1,147,34,2,36,1,0,1,0,0
1298,0,1,367,18,8,40,2,1,3,0,0
1299,0,1,169,10,1,10,0,0,1,0,0
1300,0,1,261,10,2,18,0,0,1,1,0
1301,0,1,425,8,9,48,1,0,4,1,1
1302,0,0,336,16,10,56,2,0,3,2,3
1303,0,1,156,4,5,26,2,1,1,0,0
1304,0,1,59,14,1,14,0,0,1,0,0
1305,0,1,68,6,2,12,1,0,1,0,0
1306,0,0,175,6,10,42,4,1,2,2,0
1307,0,0,99,26,4,50,2,1,0,1,0
1308,0,1,61,14,1,14,0,0,0,1,0
1309,0,1,289,20,1,20,1,0,0,0,0
1310,0,0,261,16,1,16,0,0,0,0,0
1311,0,1,231,24,2,26,1,0,0,1,0
1312,0,1,263,14,6,40,1,0,2,1,0
1313,0,0,169,4,9,50,5,2,0,1,0
1314,0,0,342,8,10,52,0,1,6,1,1
1315,0,1,17,16,1,16,0,0,0,0,0
1316,0,0,135,6,1,6,0,0,1,0,0
1317,0,0,301,6,2,12,1,0,0,1,0
1318,0,0,287,16,1,16,0,0,1,0,0
1319,0,0,254,24,1,24,0,1,0,0,0
1320,0,1,130,16,1,16,0,0,0,1,0
1321,0,1,94,6,1,6,1,0,0,0,0
1322,0,1,296,16,3,32,0,0,3,0,0
1323,0,1,265,32,6,48,2,0,3,0,0
1324,0,1,248,36,1,36,0,1,0,0,0
1325,0,0,401,16,8,54,1,0,2,1,2
1326,0,1,295,10,1,10,0,1,0,0,0
1327,0,1,299,12,1,12,1,0,0,0,0
1328,0,0,294,14,6,42,2,1,0,1,0
1329,0,0,162,30,3,40,0,0,1,1,0
1330,0,1,161,4,1,4,0,0,1,0,0
1331,0,0,134,14,1,14,1,0,0,0,0
1332,0,1,312,30,1,30,0,0,1,0,0
1333,0,1,302,16,1,16,0,1,0,0,0
1334,0,1,302,12,2,16,1,0,1,0,0
1335,0,1,292,16,1,16,0,0,1,0,0
1336,0,1,170,12,2,18,1,0,1,0,0
1337,0,0,152,30,10,82,1,2,3,2,2
1338,0,1,264,2,2,10,1,0,0,0,1
1339,0,0,266,16,1,16,0,0,0,0,0
1340,0,1,241,30,1,30,1,0,0,0,0
1341,0,1,234,30,1,30,0,1,0,0,0
1342,0,0,121,8,1,8,0,0,0,0,0
1343,0,1,156,30,5,50,3,1,0,1,0
1344,0,0,57,26,2,30,1,0,0,0,1
1345,0,0,190,26,2,32,0,1,0,1,0
1346,0,1,193,16,10,50,1,0,5,2,2
1347,0,1,38,16,1,16,0,0,0,0,0
1348,0,0,239,16,1,16,0,0,1,0,0
1349,0,1,157,6,2,14,0,0,2,0,0
1350,0,0,275,12,1,12,0,0,0,1,0
1351,0,1,311,4,5,32,1,0,2,1,0
1352,0,0,263,12,1,12,0,0,1,0,0
1353,0,0,62,12,4,30,3,0,1,0,0
1354,0,0,268,28,2,32,0,0,0,0,2
1355,0,1,139,2,9,44,5,0,1,1,0
1356,0,0,237,4,1,4,0,0,0,0,1
1357,0,1,134,16,7,48,2,2,1,0,2
1358,0,1,239,12,2,14,0,1,0,1,0
1359,0,1,167,6,1,6,1,0,0,0,0
1360,0,1,228,14,5,32,0,1,1,1,1
1361,0,0,152,4,1,4,0,1,0,0,0
1362,0,1,60,8,1,8,0,0,1,0,0
1363,0,1,78,16,2,18,0,0,1,0,0
1364,0,1,113,4,1,4,0,0,0,0,1
1365,0,1,65,6,2,10,0,0,2,0,0
1366,0,0,240,28,2,30,0,1,0,0,1
1367,0,0,265,14,3,24,2,1,0,0,0
1368,0,1,309,14,1,14,0,0,1,0,0
1369,0,1,329,6,2,8,0,1,1,0,0
1370,0,1,89,30,1,30,0,0,0,0,0
1371,0,1,349,6,11,66,1,2,5,0,1
1372,0,0,326,8,10,36,1,2,5,1,0
1373,0,0,106,6,4,18,0,0,1,0,0
1374,0,1,388,12,7,32,0,1,3,1,1
1375,0,1,127,30,1,30,0,1,0,0,0
1376,0,1,217,16,2,22,0,1,0,0,0
1377,0,1,307,16,4,28,2,0,2,0,0
1378,0,0,235,12,2,14,1,0,0,1,0
1379,0,1,122,16,2,18,1,0,1,0,0
1380,0,1,271,16,1,16,1,0,0,0,0
1381,0,1,300,10,3,18,1,0,1,0,0
1382,0,1,135,30,7,48,1,1,1,0,1
1383,0,0,101,30,1,30,1,0,0,0,0
1384,0,0,244,8,2,12,0,0,2,0,0
1385,0,1,147,14,2,18,0,1,0,0,0
1386,0,1,151,4,1,4,0,0,0,0,1
1387,0,1,260,12,2,16,0,0,1,0,0
1388,0,1,163,22,1,22,1,0,0,0,0
1389,0,1,113,14,6,46,2,0,1,1,1
1390,0,0,150,30,1,30,0,0,1,0,0
1391,0,1,265,16,2,20,0,0,1,0,0
1392,0,1,220,12,2,20,1,0,1,0,0
1393,0,0,84,6,1,6,1,0,0,0,0
1394,0,1,267,14,12,72,5,0,1,0,4
1395,0,1,328,4,3,12,0,0,1,1,1
1396,0,1,389,12,7,36,1,1,4,0,0
1397,0,1,193,12,5,30,0,1,0,1,0
1398,0,1,290,10,1,10,0,1,0,0,0
1399,0,1,129,14,2,20,0,2,0,0,0
1400,0,1,225,6,9,58,0,1,4,1,1
1401,0,1,61,6,1,6,1,0,0,0,0
1402,0,1,38,8,1,8,0,0,1,0,0
1403,0,1,41,18,2,20,0,1,0,0,1
1404,0,1,31,12,2,18,1,1,0,0,0
1405,0,1,316,30,11,96,4,2,2,1,0
1406,0,1,84,22,2,24,0,0,1,0,0
1407,0,0,469,8,12,78,3,0,3,3,1
1408,0,1,191,32,1,32,0,0,0,0,0
1409,0,1,139,16,1,16,0,0,0,0,0
1410,0,0,274,12,8,32,2,0,2,0,1
1411,0,1,250,4,2,12,0,1,1,0,0
1412,0,1,70,8,4,22,1,1,0,2,0
1413,0,1,135,36,2,38,1,1,0,0,0
1414,0,1,23,8,1,8,0,0,1,0,0
1415,0,1,177,14,5,32,1,0,1,0,2
1416,0,1,269,6,1,6,1,0,0,0,0
1417,0,1,171,6,2,8,0,0,0,0,0
1418,0,1,265,32,2,38,0,1,0,0,1
1419,0,1,265,12,11,68,4,1,0,1,2
1420,0,1,178,2,2,6,0,1,0,1,0
1421,0,1,198,12,6,34,2,0,2,1,0
1422,0,1,227,2,2,8,2,0,0,0,0
1423,0,1,301,4,1,4,1,0,0,0,0
1424,0,1,152,16,1,16,0,0,1,0,0
1425,0,1,166,8,8,24,3,0,3,0,1
1426,0,0,159,14,2,20,1,0,0,1,0
1427,0,0,183,4,1,4,0,1,0,0,0
1428,0,0,194,8,12,54,5,2,3,1,1
1429,0,1,138,8,1,8,0,1,0,0,0
1430,0,1,288,2,2,8,2,0,0,0,0
1431,0,1,224,10,2,12,0,0,2,0,0
1432,0,0,322,24,3,36,0,0,1,0,0
1433,0,1,437,24,11,60,2,1,1,3,1
1434,0,1,161,8,1,8,0,0,0,1,0
1435,0,0,253,14,8,34,2,0,3,1,1
1436,0,0,151,10,1,10,0,0,0,1,0
1437,0,1,207,12,10,32,1,0,3,3,2
1438,0,1,321,2,2,8,0,0,1,0,1
1439,0,1,95,16,1,16,0,0,1,0,0
1440,0,1,68,8,2,14,2,0,0,0,0
1441,0,0,230,14,1,14,0,0,1,0,0
1442,0,0,162,16,5,44,1,0,2,2,0
1443,0,1,111,10,2,18,1,1,0,0,0
1444,0,1,98,4,2,8,0,0,0,1,1
1445,0,1,43,14,1,14,0,0,1,0,0
1446,0,0,69,6,2,8,0,0,1,0,0
1447,0,0,162,4,1,4,1,0,0,0,0
1448,0,0,320,34,2,36,1,0,0,0,1
1449,0,1,280,10,1,10,1,0,0,0,0
1450,0,1,162,4,1,4,1,0,0,0,0
1451,0,1,226,28,1,28,0,0,1,0,0
1452,0,1,22,14,1,14,0,1,0,0,0
1453,0,0,310,16,6,36,3,0,0,0,0
1454,0,1,217,16,10,68,3,1,4,1,0
1455,0,1,331,10,9,38,1,1,2,2,1
1456,0,1,131,24,2,28,1,0,1,0,0
1457,0,1,117,20,6,54,1,0,0,0,0
1458,0,0,353,10,12,82,2,1,5,1,3
1459,0,1,145,4,8,46,2,0,1,1,2
1460,0,0,70,6,2,10,1,0,0,0,1
1461,0,1,282,16,11,58,3,2,3,3,0
1462,0,1,183,4,1,4,0,0,0,0,1
1463,0,0,288,2,12,66,2,2,1,3,1
1464,0,1,247,34,1,34,0,0,1,0,0
1465,0,0,305,10,1,10,0,0,0,0,1
1466,0,0,373,28,9,52,2,4,1,1,1
1467,0,1,232,14,4,34,1,0,1,0,0
1468,0,0,238,8,2,12,1,0,1,0,0
1469,0,0,298,14,1,14,1,0,0,0,0
1470,0,0,160,32,2,38,1,0,1,0,0
1471,0,1,292,18,1,18,1,0,0,0,0
1472,0,1,298,22,3,34,1,0,1,0,0
1473,0,1,304,2,1,2,0,0,0,1,0
1474,0,1,347,12,6,34,1,1,2,1,0
1475,0,0,235,12,10,68,4,0,4,0,1
1476,0,0,84,22,1,22,0,0,0,1,0
1477,0,1,67,14,1,14,0,0,1,0,0
1478,0,1,283,34,2,36,1,0,0,0,1
1479,0,1,128,30,4,46,0,2,2,0,0
1480,0,1,95,26,2,34,0,0,1,0,1
1481,0,0,195,2,6,26,1,2,1,0,1
1482,0,1,24,6,1,6,0,1,0,0,0
1483,0,1,287,2,7,42,1,1,2,2,1
1484,0,1,122,4,1,4,0,1,0,0,0
1485,0,1,71,12,3,22,0,1,1,0,0
1486,0,1,150,6,1,6,0,1,0,0,0
1487,0,0,344,12,3,22,1,0,2,0,0
1488,0,1,186,6,2,14,0,0,1,0,1
1489,0,0,107,16,1,16,1,0,0,0,0
1490,0,1,99,2,2,6,0,0,2,0,0
1491,0,0,190,2,2,6,0,0,1,0,1
1492,0,1,297,10,1,10,1,0,0,0,0
1493,0,1,31,4,1,4,0,0,1,0,0
1494,0,0,272,12,6,24,0,1,2,0,0
1495,0,1,206,10,1,10,0,0,0,0,0
1496,0,1,202,4,6,28,2,2,1,0,0
1497,0,1,203,10,9,36,3,1,2,2,0
1498,0,1,317,16,2,22,1,0,0,0,0
1499,0,1,231,4,6,40,0,2,1,1,1
1500,0,0,324,30,2,38,1,1,0,0,0
1501,0,0,203,8,2,16,0,0,1,1,0
1502,0,1,293,10,1,10,0,0,0,0,1
1503,0,1,48,14,2,20,0,2,0,0,0
1504,0,1,136,10,2,12,0,0,2,0,0
1505,0,1,332,10,5,28,1,1,3,0,0
1506,0,1,238,10,2,18,0,0,1,0,0
1507,0,1,115,30,2,34,0,0,1,0,1
1508,0,1,74,4,2,6,1,0,1,0,0
1509,0,0,257,10,1,10,0,0,0,0,0
1510,0,1,119,16,1,16,0,0,1,0,0
1511,0,1,118,12,1,12,0,0,1,0,0
1512,0,1,216,16,5,28,1,1,1,2,0
1513,0,1,169,12,1,12,1,0,0,0,0
1514,0,1,246,6,2,12,1,0,0,1,0
1515,0,0,310,16,8,44,2,1,4,1,0
1516,0,1,120,2,8,44,0,0,1,1,1
1517,0,1,401,16,8,42,4,0,1,2,1
1518,0,1,224,10,1,10,0,0,0,0,0
1519,0,1,97,16,2,20,1,1,0,0,0
1520,0,1,33,6,1,6,1,0,0,0,0
1521,0,1,298,26,1,26,0,0,0,1,0
1522,0,0,177,26,1,26,1,0,0,0,0
1523,0,0,34,4,1,4,0,0,1,0,0
1524,0,1,256,6,1,6,0,0,0,1,0
1525,0,0,105,10,1,10,0,0,1,0,0
1526,0,1,183,12,11,62,4,2,3,1,0
1527,0,1,306,4,9,28,2,0,4,0,0
1528,0,1,67,30,1,30,0,0,0,0,0
1529,0,0,144,4,2,10,0,1,0,1,0
1530,0,1,432,14,9,60,3,0,3,0,1
1531,0,1,57,12,2,14,0,0,1,0,0
1532,0,0,42,10,1,10,0,0,0,0,0
1533,0,1,230,10,2,14,0,0,1,0,1
1534,0,1,95,6,2,14,0,0,2,0,0
1535,0,1,192,6,1,6,0,0,0,1,0
1536,0,1,131,10,1,10,0,0,0,0,0
1537,0,0,247,8,4,22,0,1,2,0,0
1538,0,1,215,8,1,8,0,0,1,0,0
1539,0,0,152,8,1,8,1,0,0,0,0
1540,0,1,360,16,7,40,0,2,3,1,0
1541,0,1,141,10,3,28,1,1,0,1,0
1542,0,1,189,14,2,18,1,0,1,0,0
1543,0,0,299,20,5,44,3,0,0,0,2
1544,0,0,170,6,2,12,1,0,1,0,0
1545,0,0,270,2,2,6,0,1,0,1,0
1546,0,1,298,2,1,2,0,0,1,0,0
1547,0,1,235,2,1,2,0,0,0,0,0
1548,0,1,391,36,8,68,1,3,1,2,0
1549,0,1,129,2,1,2,0,0,0,0,0
1550,0,1,86,12,2,16,0,0,0,1,0
1551,0,1,46,12,1,12,1,0,0,0,0
1552,0,1,280,10,1,10,0,1,0,0,0
1553,0,1,24,14,1,14,0,0,0,1,0
1554,0,1,75,22,2,24,0,0,0,1,0
1555,0,1,96,6,1,6,1,0,0,0,0
1556,0,1,293,12,2,16,1,0,0,0,0
1557,0,1,166,8,2,16,1,0,0,0,1
1558,0,1,74,34,2,38,0,1,0,0,0
1559,0,1,324,16,5,30,0,2,0,1,1
1560,0,1,75,16,2,22,0,0,0,0,0
1561,0,0,191,14,6,26,1,0,3,1,0
1562,0,1,168,12,2,20,1,1,0,0,0
1563,0,1,82,14,2,16,1,0,0,0,0
1564,0,1,234,32,1,32,0,0,0,0,1
1565,0,1,238,6,1,6,0,0,0,1,0
1566,0,1,303,36,1,36,0,0,0,0,0
1567,0,1,345,30,5,50,2,0,1,1,0
1568,0,1,102,12,2,16,0,0,0,1,1
1569,0,0,267,16,2,20,0,0,0,1,1
1570,0,0,55,8,2,14,1,0,1,0,0
1571,0,1,31,12,2,18,0,1,1,0,0
1572,0,1,245,16,2,24,2,0,0,0,0
1573,0,1,105,14,2,20,0,1,0,0,0
1574,0,1,180,34,1,34,1,0,0,0,0
1575,0,1,375,14,8,50,1,2,0,2,2
1576,0,0,37,10,2,12,0,0,1,0,1
1577,0,0,260,12,6,30,5,0,1,0,0
1578,0,1,300,12,5,30,1,2,1,0,1
1579,0,0,204,10,2,14,2,0,0,0,0
1580,0,0,244,18,7,46,1,0,4,1,1
1581,0,0,121,14,8,32,3,1,2,1,1
1582,0,1,85,16,2,22,1,0,0,0,1
1583,0,1,30,10,2,18,1,0,1,0,0
1584,0,1,297,8,1,8,0,0,0,0,0
1585,0,1,153,4,1,4,1,0,0,0,0
1586,0,0,232,6,5,16,0,1,2,0,1
1587,0,1,114,8,2,16,1,0,0,1,0
1588,0,0,247,10,2,14,0,1,1,0,0
1589,0,1,260,14,2,16,1,0,1,0,0
1590,0,1,54,28,1,28,0,0,0,0,1
1591,0,1,309,12,2,20,0,0,0,0,1
1592,0,1,51,12,1,12,0,0,0,0,0
1593,0,1,219,8,1,8,1,0,0,0,0
1594,0,1,341,14,6,28,1,1,1,1,0
1595,0,0,128,10,2,18,0,0,0,1,0
1596,0,1,78,14,2,18,1,0,0,1,0
1597,0,1,268,10,2,14,0,1,0,1,0
1598,0,0,247,2,2,8,0,0,1,0,0
1599,0,1,284,14,1,14,0,0,0,0,0
1600,0,1,202,12,2,16,0,1,0,0,0